Regioni,Totali generali incidenti: totale ,Totali generali incidenti: Totale morti,Totali generali incidenti: Totale feriti,Incidenti in cui ? coinvolto un solo veicolo su strade urbane: Totale,Incidenti in cui ? coinvolto un solo veicolo su strade urbane: Morti,Incidenti in cui ? coinvolto un solo veicolo su strade urbane: Feriti,Incidenti in cui ? coinvolto un solo veicolo su strade extraurbane: Totale,Incidenti in cui ? coinvolto un solo veicolo su strade extraurbane: Morti,Incidenti in cui ? coinvolto un solo veicolo su strade extraurbane: Feriti,Incidenti in cui sono coinvolti due veicoli su strade urbane: Totale ,Incidenti in cui sono coinvolti due veicoli su strade urbane: morti,Incidenti in cui sono coinvolti due veicoli su strade urbane: feriti,Incidenti in cui sono coinvolti due veicoli su strade extraurbane: Totale,Incidenti in cui sono coinvolti due veicoli su strade extraurbane: Morti,Incidenti in cui sono coinvolti due veicoli su strade extraurbane: feriti,Incidenti in cui sono coinvolti tre veicoli su strade urbane: Totale ,Incidenti in cui sono coinvolti tre veicoli su strade urbane: Morti,Incidenti in cui sono coinvolti tre veicoli su strade urbane: Feriti,Incidenti in cui sono coinvolti tre veicoli su strade extraurbane: Totale ,Incidenti in cui sono coinvolti tre veicoli su strade extraurbane: Morti,Incidenti in cui sono coinvolti tre veicoli su strade extraurbane: Feriti,Incidenti in cui sono coinvolti pi? di tre veicoli su strade urbane: Totali ,Incidenti in cui sono coinvolti pi? di tre veicoli su strade urbane: Morti,Incidenti in cui sono coinvolti pi? di tre veicoli su strade urbane: Feriti,Incidenti in cui sono coinvolti pi? di tre veicoli su strade extraurbane: Totali ,Incidenti in cui sono coinvolti pi? di tre veicoli su strade extraurbane: Morti,Incidenti in cui sono coinvolti pi? di tre veicoli su strade extraurbane: Feriti,Incidenti in cui sono cinvolti dei pedoni su strade urbane: Totali,Incidenti in cui sono cinvolti dei pedoni su strade urbane: Morti,Incidenti in cui sono cinvolti dei pedoni su strade urbane: feriti,Incidenti in cui sono cinvolti dei pedoni su strade  extraurbane: Totali,Incidenti in cui sono cinvolti dei pedoni su strade  extraurbane: Morti,Incidenti in cui sono cinvolti dei pedoni su strade  extraurbane: feriti,
Piemonte,2001,16953,563,25072,2641,123,3046,1572,127,2013,8659,117,12639,2308,136,3901,1127,13,2026,552,37,1222,55,0,106,39,10,119,1401,46,1355,74,16,58
Valle d'Aosta,2001,447,16,618,61,1,82,59,5,79,183,3,243,91,5,136,34,1,49,18,1,27,0,0,0,1,0,2,32,1,31,8,0,8
Lombardia,2001,54071,1073,75851,10001,226,11553,2746,169,3632,30935,277,42426,4864,253,7749,3306,38,5880,1553,90,3148,566,6,1169,100,14,294,4617,106,4511,160,19,141
Trentino Alto Adige,2001,4255,148,5766,527,15,603,569,53,752,1858,14,2337,892,55,1355,199,1,300,177,9,352,18,0,33,15,1,34,308,12,296,31,2,29
Veneto,2001,21790,693,30535,3001,142,3511,1563,132,2025,11898,195,15908,3101,147,4830,1315,30,2321,720,35,1443,132,3,323,60,9,174,1141,42,1099,104,12,92
Friuli Venezia Giulia,2001,5925,207,8087,1085,51,1217,447,34,573,3129,55,4130,721,49,1162,364,9,609,141,7,321,32,0,58,6,2,17,438,21,417,20,3,17
Liguria,2001,10402,173,13878,2395,49,2798,508,30,717,5739,42,7260,671,22,1108,754,15,1200,248,14,544,79,0,220,8,1,31,1292,40,1252,36,6,30
Emilia Romagna,2001,27457,813,38255,3204,170,3743,1941,153,2581,15458,193,20364,3816,203,5972,1808,22,2992,996,67,2051,187,1,396,47,4,156,1480,83,1397,95,15,80
Toscana,2001,22445,501,29821,3191,147,3609,1259,87,1614,13255,105,16729,2523,110,3926,1333,18,2088,644,26,1342,194,1,365,46,7,148,1745,95,1650,77,18,59
Umbria,2001,4181,117,6050,557,26,638,422,27,541,1982,19,2717,734,28,1236,246,5,415,198,12,385,27,0,75,15,0,43,310,16,294,32,5,27
Marche,2001,8316,228,12059,1047,44,1213,638,47,867,4344,43,5931,1367,67,2243,560,9,961,291,18,659,45,0,99,24,0,86,533,23,510,50,4,46
Lazio,2001,33024,731,44333,6934,223,7799,1495,124,2027,18386,154,23816,3156,163,5248,1908,27,2962,954,30,2030,145,3,263,46,7,188,3493,171,3322,129,26,103
Abruzzo,2001,5574,168,8342,660,36,813,537,40,744,2766,27,3876,991,52,1678,358,4,604,222,8,503,29,1,65,11,0,59,336,14,322,26,2,24
Molise,2001,1033,37,1585,152,1,177,148,7,203,402,3,573,258,18,482,35,0,58,31,8,73,3,0,8,4,0,11,74,1,73,12,3,9
Campania,2001,10309,357,16043,1425,63,1696,979,91,1358,4917,65,7179,1711,97,3058,590,11,1106,599,26,1392,38,0,87,50,4,167,940,37,903,59,17,42
Puglia,2001,11188,462,17812,1552,51,1940,890,120,1407,6248,83,9454,1544,159,3000,543,19,1004,304,21,740,88,4,174,19,5,93,774,24,750,49,20,29
Basilicata,2001,911,59,1434,126,12,155,164,22,233,380,6,558,168,15,329,36,0,80,34,4,68,2,0,5,1,0,6,74,6,68,18,4,14
Calabria,2001,4388,173,7341,515,30,643,443,36,668,2173,35,3435,776,45,1495,226,3,471,222,22,528,21,0,59,12,2,42,247,21,226,22,5,17
Sicilia,2001,15389,365,22991,2271,88,2784,728,72,1047,9442,84,13553,1549,76,2844,977,18,1769,305,17,715,93,3,198,24,7,81,1265,57,1208,47,12,35
Sardegna,2001,5042,212,7413,710,34,850,513,74,690,2606,29,3626,742,63,1285,319,5,561,121,6,289,20,0,56,11,1,56,372,20,352,22,7,15
Totale 2001,2001,263100,7096,373286,42055,1532,48870,17621,1450,23771,144760,1549,196754,31983,1763,53037,16038,248,27456,8330,458,17832,1774,22,3759,539,74,1807,20872,836,20036,1071,196,875
Piemonte,2002,13742,317,19985,2403,72,2750,1357,66,1712,6603,50,9489,2054,97,3294,688,7,1269,396,20,843,174,2,422,67,3,206,1577,46,1531,77,9,68
Valle d'Aosta,2002,359,8,502,60,2,71,44,3,53,151,0,209,76,3,112,14,0,25,14,0,32,0,0,0,0,0,0,35,1,34,4,1,3
Lombardia,2002,40100,603,54597,8381,161,9411,2199,101,2743,21549,133,28545,3891,138,5990,2228,19,3916,1116,40,2305,601,7,1298,135,4,389,3903,88,3815,124,11,113
Trentino Alto Adige,2002,2715,60,3694,409,15,451,317,17,381,1155,7,1471,510,14,784,152,1,239,122,6,257,34,0,77,16,0,34,288,10,278,32,2,30
Veneto,2002,15643,339,21683,2273,69,2557,1278,81,1586,8056,79,10692,2553,80,3929,836,13,1496,487,17,1019,99,0,233,61,0,171,1063,32,1031,105,11,94
Friuli Venezia Giulia,2002,4494,117,6016,761,29,841,501,33,598,2220,22,2828,605,25,1013,235,1,411,118,6,227,41,0,67,13,1,31,368,14,354,21,4,17
Liguria,2002,9654,76,12393,2611,19,3019,542,19,678,5020,22,6251,699,9,1031,472,1,735,230,3,475,70,0,149,10,3,55,1406,12,1394,22,1,21
Emilia Romagna,2002,20411,422,28035,3031,82,3470,1626,97,2029,10810,79,14127,2913,115,4480,1118,9,1939,688,33,1432,153,2,329,72,5,229,1616,51,1565,90,16,74
Italia Settentrionale,2002,107118,1942,146905,19929,449,22570,7864,417,9780,55564,392,73612,13301,481,20633,5743,51,10030,3171,125,6590,1172,11,2575,374,16,1115,10256,254,10002,475,55,420
Toscana,2002,18362,279,24345,3087,65,3475,1048,55,1322,10611,74,13468,2037,62,3139,875,8,1451,532,14,1069,134,0,282,38,1,139,1911,39,1872,85,8,77
Umbria,2002,3074,75,4475,495,12,552,364,16,473,1323,15,1794,556,27,960,165,1,314,131,4,277,30,0,68,10,0,37,288,6,282,19,2,17
Marche,2002,6617,117,9624,962,21,1088,623,28,866,3319,22,4578,1061,32,1817,387,6,677,204,7,423,41,0,99,20,1,76,527,15,512,45,7,38
Lazio,2002,28186,494,39624,5113,123,5955,1636,102,2104,15010,107,20242,3334,118,5494,1616,14,2674,1052,29,2169,346,1,746,79,0,240,2805,83,2722,96,23,73
Italia Centrale,2002,56239,965,78068,9657,221,11070,3671,201,4765,30263,218,40082,6988,239,11410,3043,29,5116,1919,54,3938,551,1,1195,147,2,492,5531,143,5388,245,40,205
Abruzzo,2002,3853,93,5989,495,24,561,399,25,525,1785,12,2665,763,22,1377,217,3,396,171,7,390,13,0,34,10,0,41,279,13,266,26,3,23
Molise,2002,530,21,838,82,2,92,82,10,94,188,0,308,143,9,262,17,0,33,16,0,39,1,0,2,1,0,8,52,1,51,3,2,1
Campania,2002,11745,288,17813,2161,67,2602,918,59,1181,5874,74,8869,1688,64,3017,632,4,1132,413,18,830,31,0,84,28,2,98,1160,34,1126,64,6,58
Puglia,2002,12812,301,21356,1524,32,1846,1185,91,1620,6955,38,11344,1921,107,3735,726,5,1437,334,23,876,119,1,286,48,4,212,889,17,872,36,6,30
Basilicata,2002,942,46,1627,123,7,156,157,10,221,361,6,567,196,17,403,50,0,103,44,6,121,3,0,8,8,0,48,63,5,58,3,2,1
Calabria,2002,3457,135,5896,467,28,558,394,30,543,1453,23,2354,687,37,1382,244,3,511,171,10,436,27,2,43,14,2,69,217,14,203,22,6,16
Sicilia,2002,14044,325,21742,1968,75,2396,1014,67,1339,8141,69,12181,1653,89,3115,801,5,1470,353,16,890,87,2,209,27,2,142,1071,38,1033,38,9,29
Sardegna,2002,4665,121,7024,782,24,904,508,33,653,2145,13,3152,732,42,1256,276,1,491,161,8,397,46,0,122,15,0,49,536,16,520,27,3,24
Italia Meridionale e Insulare,2002,52048,1330,82285,7602,259,9115,4657,325,6176,26902,235,41440,7783,387,14547,2963,21,5573,1663,88,3979,327,5,788,151,10,667,4267,138,4129,219,37,182
Totale 2002,2002,215405,4237,307258,37188,929,42755,16192,943,20721,112729,845,155134,28072,1107,46590,11749,101,20719,6753,267,14507,2050,17,4558,672,28,2274,20054,535,19519,939,132,807
Piemonte,2003,16111,569,23223,2540,103,2880,1603,142,2047,7801,98,11072,2391,166,3911,915,15,1594,530,32,1042,296,6,589,35,7,88,1503,54,1449,79,23,56
Valle d'Aosta,2003,413,16,557,71,1,84,64,4,79,136,4,179,100,5,141,21,1,35,17,1,29,3,0,6,1,0,4,40,2,38,8,1,7
Lombardia,2003,51101,977,70274,9435,221,10785,2741,168,3562,28468,225,37952,5051,260,7821,3014,31,5249,1376,51,2765,869,9,1758,147,12,382,4231,98,4133,157,21,136
Trentino Alto Adige,2003,3572,130,4706,412,18,477,479,36,606,1566,16,1924,697,44,1002,219,3,326,154,13,286,30,0,53,15,0,32,249,8,241,37,5,32
Veneto,2003,19213,711,26938,2393,134,2739,1578,160,2093,10023,143,13065,3080,168,4839,1152,21,2020,763,58,1548,155,3,354,69,24,280,1126,50,1076,119,23,96
Friuli Venezia Giulia,2003,5563,186,7427,1001,48,1138,524,45,671,2724,34,3468,778,41,1223,349,6,547,123,10,261,57,2,92,7,0,27,454,22,432,24,3,21
Liguria,2003,10021,131,13056,2276,43,2645,534,22,659,5403,23,6773,782,27,1209,615,8,914,286,8,579,106,0,215,19,0,62,1283,30,1253,26,2,24
Emilia Romagna,2003,26454,756,36552,2876,151,3305,2055,176,2674,14872,147,19216,3778,182,5965,1645,30,2818,922,59,1889,231,4,490,75,7,195,1492,85,1407,101,15,86
Italia Settentrionale,2003,132448,3476,182733,21004,719,24053,9578,753,12391,70993,690,93649,16657,893,26111,7930,115,13503,4171,232,8399,1747,24,3557,368,50,1070,10378,349,10029,551,93,458
Toscana,2003,22798,434,30386,3357,98,3808,1231,92,1625,13329,101,16747,2422,94,3872,1416,14,2286,705,33,1416,277,2,478,61,0,154,1875,63,1812,77,19,58
Umbria,2003,3861,127,5493,504,26,554,375,25,489,1878,22,2576,661,45,1054,232,1,417,167,7,307,33,1,64,11,0,32,292,16,276,22,4,18
Marche,2003,8405,193,11921,985,32,1143,744,49,960,4378,23,5898,1372,69,2166,547,6,924,301,10,626,61,2,136,17,2,68,512,22,490,39,8,31
Lazio,2003,31366,582,43553,5484,114,6377,1399,122,1831,17705,104,23660,3315,169,5527,1808,13,2927,951,52,1900,604,5,1081,100,3,250,2793,67,2726,128,26,102
Italia Centrale,2003,66430,1336,91353,10330,270,11882,3749,288,4905,37290,250,48881,7770,377,12619,4003,34,6554,2124,102,4249,975,10,1759,189,5,504,5472,168,5304,266,57,209
Abruzzo,2003,5286,154,8066,599,20,722,464,43,602,2645,27,3901,922,51,1540,378,5,691,216,7,457,25,0,47,37,1,106,317,12,305,22,5,17
Molise,2003,743,42,1135,127,5,153,124,10,156,225,1,305,203,19,377,22,1,33,39,5,105,1,0,1,2,1,5,53,3,50,3,2,1
Campania,2003,11386,388,17144,1643,77,1990,907,89,1249,5670,76,8219,1754,109,2965,700,6,1158,544,24,1187,118,2,195,50,5,181,726,43,683,60,17,43
Puglia,2003,11029,444,17874,1141,57,1386,1009,128,1440,6152,66,9541,1622,138,3168,622,6,1124,355,38,911,105,3,235,23,8,69,651,22,629,42,10,32
Basilicata,2003,888,49,1482,116,10,136,179,14,254,299,4,463,215,16,444,36,0,63,38,5,106,2,0,5,3,0,11,72,6,66,5,0,5
Calabria,2003,4420,151,7275,576,25,730,509,52,702,1954,25,3096,808,40,1466,279,2,548,216,6,521,57,1,125,21,0,87,241,16,225,40,7,33
Sicilia,2003,14747,350,22181,2033,65,2467,1020,74,1418,8615,81,12456,1639,87,3026,925,15,1594,384,23,871,103,2,207,28,3,142,1086,33,1053,35,6,29
Sardegna,2003,4894,173,7232,635,35,737,554,63,745,2397,15,3315,805,48,1442,302,2,544,165,10,362,24,0,47,12,0,40,381,11,370,29,11,18
Italia Meridionale e Insulare,2003,53393,1751,82389,6870,294,8321,4766,473,6566,27957,295,41296,7968,508,14428,3264,37,5755,1957,118,4520,435,8,862,176,18,641,3527,146,3381,236,58,178
Totale 2003,2003,252271,6563,356475,38204,1283,44256,18093,1514,23862,136240,1235,183826,32395,1778,53158,15197,186,25812,8252,452,17168,3157,42,6178,733,73,2215,19377,663,18714,1053,208,845
Piemonte,2004,15553,495,22647,2418,105,2675,1604,110,2097,7544,80,10809,2220,163,3630,933,11,1671,509,21,1069,287,2,593,38,3,103,1494,65,1429,64,8,56
Valle d'Aosta,2004,418,17,560,67,5,79,63,4,80,158,3,203,84,5,112,25,0,44,18,0,37,2,0,2,1,0,3,53,5,48,7,0,7
Lombardia,2004,48627,863,65768,9129,179,10392,2552,136,3260,26947,224,35011,4662,201,7231,2971,29,5079,1373,75,2666,858,14,1707,135,5,422,4107,98,4009,127,19,108
Trentino Alto Adige,2004,3405,124,4505,525,16,604,447,41,522,1288,7,1593,741,46,1082,203,5,294,157,8,304,30,1,53,14,0,53,305,8,297,38,4,34
Veneto,2004,18895,554,26309,2544,120,2888,1509,113,1893,9774,121,12819,3089,133,4807,1049,8,1870,693,44,1409,157,2,338,80,13,285,1184,45,1139,101,16,85
Friuli Venezia Giulia,2004,5303,153,7050,894,33,999,567,27,704,2529,28,3215,770,48,1181,319,6,504,149,10,308,64,0,104,11,1,35,435,14,421,20,4,16
Liguria,2004,9723,125,12609,2212,37,2582,598,23,779,5244,30,6404,704,17,1086,625,12,1003,239,4,511,84,0,172,17,2,72,1314,21,1293,23,1,22
Emilia Romagna,2004,25894,681,35773,3100,120,3506,1959,148,2563,13558,133,17609,3708,184,5711,2246,26,3527,935,56,1892,274,3,581,114,11,384,1666,58,1608,79,12,67
Italia Settentrionale,2004,127818,3012,175221,20889,615,23725,9299,602,11898,67042,626,87663,15978,797,24840,8371,97,13992,4073,218,8196,1756,22,3550,410,35,1357,10558,314,10244,459,64,395
Toscana,2004,21203,398,27820,3226,83,3624,1155,81,1463,12309,97,15301,2185,82,3347,1307,16,1998,634,26,1303,330,7,571,57,6,213,1786,44,1742,90,13,77
Umbria,2004,3721,104,5242,586,23,673,398,21,497,1689,22,2252,633,31,1046,235,2,402,136,5,241,25,0,62,19,0,69,311,16,295,24,5,19
Marche,2004,7597,185,11067,1000,35,1167,704,35,899,3789,28,5236,1237,59,2020,505,6,888,271,19,642,72,1,143,19,2,72,514,21,493,54,10,44
Lazio,2004,32959,651,45536,5942,146,6860,1502,105,1925,18511,121,24695,3290,193,5433,2068,14,3362,909,50,1855,652,10,1139,85,12,267,3112,87,3025,136,37,99
Italia Centrale,2004,65480,1338,89665,10754,287,12324,3759,242,4784,36298,268,47484,7345,365,11846,4115,38,6650,1950,100,4041,1079,18,1915,180,20,621,5723,168,5555,304,65,239
Abruzzo,2004,4977,141,7544,578,18,688,497,32,642,2378,26,3413,942,42,1619,312,1,546,221,19,502,30,2,65,19,1,69,330,9,321,25,2,23
Molise,2004,568,24,929,58,1,71,95,7,134,166,0,246,193,12,349,18,0,32,36,4,93,1,0,1,1,0,3,41,0,41,4,1,3
Campania,2004,10220,408,15389,1577,70,1898,913,93,1195,4949,79,7317,1534,126,2535,642,13,1117,491,27,1039,93,0,187,21,0,101,868,47,821,64,25,39
Puglia,2004,10526,455,17277,1207,58,1469,888,113,1215,5713,79,8827,1643,164,3284,568,6,1124,354,25,939,115,1,266,38,9,153,638,27,611,44,15,29
Basilicata,2004,835,40,1407,104,5,131,173,9,265,309,4,474,190,17,383,20,0,42,33,3,83,1,0,2,5,2,27,48,1,47,8,0,8
Calabria,2004,4053,159,6919,500,18,625,485,23,700,1732,32,2760,840,65,1719,210,3,396,225,16,527,39,0,99,22,2,93,192,9,183,15,2,13
Sicilia,2004,13813,379,20847,1947,86,2374,885,73,1250,8010,74,11507,1665,116,3170,799,9,1336,380,14,892,92,4,187,35,3,131,1002,35,967,38,9,29
Sardegna,2004,5200,166,7981,718,20,849,546,57,759,2508,14,3584,834,62,1480,349,2,664,187,10,484,43,0,109,15,1,52,393,13,380,17,4,13
Italia Meridionale e Insulare,2004,50192,1772,78293,6689,276,8105,4482,407,6160,25765,308,38128,7841,604,14539,2918,34,5257,1927,118,4559,414,7,916,156,18,629,3512,141,3371,215,58,157
Totale 2004,2004,243490,6122,343179,38332,1178,44154,17540,1251,22842,129105,1202,173275,31164,1766,51225,15404,169,25899,7950,436,16796,3249,47,6381,746,73,2607,19793,623,19170,978,187,791
Piemonte,2005,15126,453,21942,2392,100,2697,1477,113,1919,7361,78,10399,2181,116,3537,889,9,1697,461,30,951,324,4,624,41,3,118,1565,62,1503,74,17,57
Valle d'Aosta,2005,379,13,527,60,3,72,60,4,76,132,2,172,89,2,127,17,1,31,19,1,42,1,0,1,1,0,6,31,2,29,4,0,4
Lombardia,2005,46654,821,59636,8826,185,9655,2423,141,3063,25754,201,31100,4476,185,6798,2910,25,4604,1324,73,2667,810,5,1364,131,6,385,4063,93,3970,123,18,105
Trentino Alto Adige,2005,3484,117,4618,488,23,538,512,28,623,1397,11,1713,695,42,1048,216,5,342,134,3,270,27,3,52,15,2,32,288,12,276,26,5,21
Veneto,2005,18378,555,25348,2469,95,2810,1514,120,1867,9404,118,12220,3028,159,4679,991,21,1740,736,37,1518,163,3,330,73,2,184,1121,37,1084,93,15,78
Friuli Venezia Giulia,2005,5015,167,6661,850,40,975,516,38,643,2472,31,3125,671,33,1031,300,6,478,138,13,275,57,2,90,11,4,44,390,12,378,18,2,16
Liguria,2005,9877,110,12981,2367,33,2767,603,24,760,5172,21,6527,725,16,1147,543,9,843,270,5,563,179,0,300,18,2,74,1325,24,1301,22,2,20
Emilia Romagna,2005,24250,635,33322,3100,107,3570,1909,130,2469,12918,142,16620,3539,172,5445,1445,25,2441,993,46,1931,247,4,562,99,9,284,1578,38,1540,90,13,77
Italia Settentrionale,2005,123163,2871,165035,20552,586,23084,9014,598,11420,64610,604,81876,15404,725,23812,7311,101,12176,4075,208,8217,1808,21,3323,389,28,1127,10361,280,10081,450,72,378
Toscana,2005,21133,362,27728,3131,71,3548,1134,66,1454,12625,99,15768,2171,81,3398,1111,14,1718,586,25,1137,323,0,519,52,6,186,1828,50,1778,85,12,73
Umbria,2005,3464,96,4853,504,20,549,347,23,425,1573,11,2117,622,31,1004,208,2,341,161,7,299,35,2,74,14,0,44,300,16,284,19,7,12
Marche,2005,7213,150,10470,1003,37,1135,670,33,864,3543,24,4912,1236,47,2051,429,1,753,245,7,527,69,1,142,18,0,86,539,22,517,42,4,38
Lazio,2005,32618,594,45310,5800,164,6687,1464,96,1949,18653,135,25025,3160,122,5172,1833,18,3060,961,47,1988,670,6,1184,77,6,245,3231,92,3139,131,19,112
Italia Centrale,2005,64428,1202,88361,10438,292,11919,3615,218,4692,36394,269,47822,7189,281,11625,3581,35,5872,1953,86,3951,1097,9,1919,161,12,561,5898,180,5718,277,42,235
Abruzzo,2005,4814,134,7225,588,25,675,445,30,583,2318,19,3281,882,45,1516,333,3,565,207,8,473,21,0,46,20,4,86,333,16,317,23,2,21
Molise,2005,552,29,896,76,0,94,95,14,103,185,3,282,135,11,257,27,0,58,26,0,64,0,0,0,8,1,38,34,0,34,9,2,7
Campania,2005,11508,368,17321,2019,77,2449,839,61,1126,5583,100,8160,1581,95,2709,748,16,1217,582,15,1253,120,3,237,36,1,170,973,41,932,40,10,30
Puglia,2005,11235,428,18727,1350,64,1716,944,114,1365,6185,61,9757,1599,148,3313,641,4,1255,346,26,872,137,3,294,33,8,155,649,34,615,29,10,19
Basilicata,2005,889,57,1444,104,10,121,179,23,241,313,8,491,197,12,358,41,1,79,47,3,132,7,0,19,1,0,3,52,5,47,13,3,10
Calabria,2005,3921,163,6627,495,30,610,399,36,538,1698,25,2688,784,57,1482,220,3,429,258,9,625,36,0,83,31,3,172,267,10,257,31,11,20
Sicilia,2005,14412,400,21534,2357,67,2923,854,90,1161,8477,84,12138,1409,116,2676,831,13,1433,342,17,808,111,9,243,31,4,152,1197,37,1160,48,13,35
Sardegna,2005,5089,166,7688,726,21,853,577,54,804,2447,17,3491,719,52,1326,356,5,610,182,17,401,71,0,160,11,0,43,452,9,443,25,9,16
Italia Meridionale e Insulare,2005,52420,1745,81462,7715,294,9441,4332,422,5921,27206,317,40288,7306,536,13637,3197,45,5646,1990,95,4628,503,15,1082,171,21,819,3957,152,3805,218,60,158
Totale 2005,2005,240011,5818,334858,38705,1172,44444,16961,1238,22033,128210,1190,169986,29899,1542,49074,14089,181,23694,8018,389,16796,3408,45,6324,721,61,2507,20216,612,19604,945,174,771
Piemonte,2006,14871,404,22047,2462,96,2788,1399,85,1870,7189,79,10440,2118,95,3538,937,16,1740,443,29,955,289,1,590,34,3,126,1523,51,1472,69,5,64
Valle d'Aosta,2006,393,6,561,69,1,80,54,1,72,132,1,177,80,1,128,25,1,33,26,0,51,6,1,15,1,0,5,37,0,37,7,0,7
Lombardia,2006,46173,877,58484,8595,169,9418,2350,162,2879,25681,237,30926,4525,205,6666,2899,26,4546,1251,59,2366,750,7,1333,122,12,350,4138,88,4050,141,20,121
Trentino Alto Adige,2006,3350,94,4456,554,20,613,418,22,496,1290,12,1609,694,36,1020,197,1,317,155,2,295,27,0,62,15,1,44,348,9,339,42,7,35
Veneto,2006,19261,553,26611,2707,120,3086,1555,107,1945,9974,121,13003,3046,136,4759,1031,13,1773,735,43,1505,148,4,338,65,9,202,1156,41,1115,114,13,101
Friuli Venezia Giulia,2006,5065,142,6628,904,30,1004,550,39,665,2493,19,3180,667,40,1009,266,4,420,137,8,267,42,2,70,6,0,13,424,9,415,23,3,20
Liguria,2006,10085,118,13166,2297,27,2717,624,29,783,5480,30,6812,741,20,1116,516,4,839,287,3,600,121,2,222,19,3,77,1285,11,1274,22,2,20
Emilia Romagna,2006,23950,539,33235,3075,99,3498,1866,116,2373,12893,125,16808,3444,154,5469,1418,13,2438,887,29,1787,268,0,546,99,3,316,1531,54,1477,105,13,92
Italia Settentrionale,2006,123148,2733,165188,20663,562,23204,8816,561,11083,65132,624,82955,15315,687,23705,7289,78,12106,3921,173,7826,1651,17,3176,361,31,1133,10442,263,10179,523,63,460
Toscana,2006,20826,353,27648,3177,86,3598,1018,61,1324,12468,81,15750,2161,76,3279,1085,10,1807,678,37,1357,201,0,414,38,2,119,1901,57,1844,69,9,60
Umbria,2006,3581,100,5089,526,22,589,384,24,453,1648,15,2227,627,28,1008,201,3,375,151,7,339,35,0,65,9,1,33,302,14,288,24,7,17
Marche,2006,7577,171,11193,1001,36,1118,698,35,899,3699,44,5135,1319,42,2196,495,0,960,297,13,648,42,1,104,26,0,133,553,23,530,42,6,36
Lazio,2006,31344,575,43550,6093,149,7082,1443,110,1848,16885,108,22560,3337,124,5433,1897,31,3140,982,41,2064,630,8,1153,77,4,270,3015,77,2938,127,24,103
Italia Centrale,2006,63328,1199,87480,10797,293,12387,3543,230,4524,34700,248,45672,7444,270,11916,3678,44,6282,2108,98,4408,908,9,1736,150,7,555,5771,171,5600,262,46,216
Abruzzo,2006,4665,165,7052,603,29,689,454,32,580,2180,27,3160,874,61,1493,304,4,550,219,11,500,15,0,27,16,1,53,400,16,384,25,3,22
Molise,2006,557,32,954,63,4,71,102,6,145,199,2,318,135,18,266,22,0,44,33,2,98,2,0,6,1,0,6,36,1,35,9,2,7
Campania,2006,10968,324,16455,2132,74,2551,863,59,1146,5089,59,7471,1592,90,2784,644,12,1095,547,27,1117,65,0,157,36,3,134,1346,35,1311,53,17,36
Puglia,2006,11583,409,19346,1283,42,1618,1080,119,1612,6274,51,9904,1889,160,3757,536,8,1035,346,25,941,140,1,313,35,3,166,769,27,742,47,17,30
Basilicata,2006,921,59,1522,122,10,145,183,27,229,331,3,555,204,16,401,37,0,73,39,3,104,5,0,15,0,0,0,63,4,59,6,3,3
Calabria,2006,3717,185,6129,444,43,497,468,36,646,1600,22,2473,702,67,1362,245,0,463,211,15,540,33,0,65,14,2,83,268,30,238,26,9,17
Sicilia,2006,14203,383,21196,2225,75,2741,877,89,1224,8347,88,11863,1442,103,2736,871,11,1491,324,15,825,95,0,218,22,2,98,1234,32,1202,35,5,30
Sardegna,2006,5034,180,7633,729,26,848,593,56,850,2331,26,3326,784,60,1402,360,2,653,180,9,397,33,0,89,24,1,68,488,11,477,17,3,14
Italia Meridionale e Insulare,2006,51648,1737,80287,7601,303,9160,4620,424,6432,26351,278,39070,7622,575,14201,3019,37,5404,1899,107,4522,388,1,890,148,12,608,4604,156,4448,218,59,159
Totale 2006,2006,238124,5669,332955,39061,1158,44751,16979,1215,22039,126183,1150,167697,30381,1532,49822,13986,159,23792,7928,378,16756,2947,27,5802,659,50,2296,20817,590,20227,1003,168,835
Piemonte,2007,14643,392,21363,2428,76,2783,1383,87,1785,6995,69,9998,1953,129,3108,1059,8,1866,454,20,980,329,2,678,42,1,165,1632,38,1594,56,8,48
Valle d'Aosta,2007,364,10,495,64,0,73,46,6,49,136,0,166,75,3,123,19,0,28,21,1,46,3,0,10,0,0,0,39,0,39,2,1,1
Lombardia,2007,44688,774,60546,8257,164,9341,2339,132,2842,24963,209,32729,4368,178,6790,2643,26,4469,1286,52,2554,724,9,1548,108,4,273,4104,88,4016,119,22,97
Trentino Alto Adige,2007,3124,87,4172,449,20,481,452,26,539,1219,6,1499,666,26,993,143,1,243,149,8,306,24,0,49,22,0,62,290,12,278,31,2,29
Veneto,2007,18378,538,25327,2520,101,2848,1504,112,1851,9332,124,12261,3046,135,4562,1048,19,1824,697,38,1371,155,4,361,76,5,249,1078,48,1030,111,11,100
Friuli Venezia Giulia,2007,5022,124,6737,888,27,985,507,26,601,2503,28,3220,653,33,1018,296,2,498,121,7,315,50,1,87,4,0,13,463,12,451,15,1,14
Liguria,2007,9987,91,12902,2490,16,2929,542,15,680,5329,22,6688,689,25,998,551,3,861,254,8,508,122,0,211,10,2,27,1444,8,1436,39,1,38
Emilia Romagna,2007,23074,531,31815,3030,92,3486,1766,107,2240,12437,121,16076,3423,133,5329,1321,15,2239,833,47,1725,155,1,370,109,15,350,1517,36,1481,76,8,68
Italia Settentrionale,2007,119280,2547,163357,20126,496,22926,8539,511,10587,62914,579,82637,14873,662,22921,7080,74,12028,3815,181,7805,1562,17,3314,371,27,1139,10567,242,10325,449,54,395
Toscana,2007,20209,322,26465,3131,76,3489,1071,43,1364,12080,81,15021,2135,89,3327,993,12,1619,612,21,1236,149,0,291,38,0,118,1942,47,1895,68,9,59
Umbria,2007,3573,92,5076,558,22,621,375,24,469,1559,10,2106,662,26,1069,209,0,348,170,10,358,29,0,68,11,0,37,310,10,300,13,0,13
Marche,2007,7149,147,10230,1007,33,1139,655,37,826,3535,26,4832,1141,34,1798,501,1,893,237,13,544,54,0,116,19,3,82,552,18,534,51,6,45
Lazio,2007,29761,527,41431,4994,112,5812,1514,111,1942,16364,116,21840,3314,135,5367,1828,12,2960,962,28,1998,687,10,1254,98,3,258,2745,59,2686,144,19,125
Italia Centrale,2007,60692,1088,83202,9690,243,11061,3615,215,4601,33538,233,43799,7252,284,11561,3531,25,5820,1981,72,4136,919,10,1729,166,6,495,5549,134,5415,276,34,242
Abruzzo,2007,4253,119,6382,516,19,572,415,25,540,2127,21,3055,723,35,1232,258,5,450,180,12,405,23,0,59,11,2,69,327,13,314,32,2,30
Molise,2007,512,20,864,49,1,56,82,4,115,204,3,326,130,8,238,13,0,29,30,4,91,2,0,4,2,0,5,32,1,31,6,0,6
Campania,2007,11278,320,16750,2015,69,2443,912,58,1194,5589,83,8032,1553,77,2652,593,11,1062,494,16,1028,82,1,186,40,5,153,1133,32,1101,49,10,39
Puglia,2007,11776,366,19652,1387,31,1669,992,92,1413,6624,74,10739,1665,130,3233,620,6,1319,327,26,846,124,1,269,37,6,164,759,17,742,32,9,23
Basilicata,2007,900,37,1512,132,5,143,180,5,267,303,1,491,187,20,346,48,1,104,39,5,131,8,0,17,3,0,13,78,4,74,13,2,11
Calabria,2007,3526,128,5869,374,20,430,425,35,585,1541,15,2426,719,47,1334,207,1,396,211,8,546,30,1,69,19,1,83,208,9,199,21,8,13
Sicilia,2007,14173,356,21442,2134,71,2535,857,57,1163,8543,97,12367,1440,88,2778,763,8,1415,325,31,867,88,1,191,23,3,126,1150,35,1115,41,7,34
Sardegna,2007,4481,150,6820,607,20,712,485,39,623,2191,25,3193,701,53,1275,292,1,537,139,11,325,50,0,102,16,1,53,415,11,404,15,3,12
Italia Meridionale e Insulare,2007,50899,1496,79291,7214,236,8560,4348,315,5900,27122,319,40629,7118,458,13088,2794,33,5312,1745,113,4239,407,4,897,151,18,666,4102,122,3980,209,41,168
Totale 2007,2007,230871,5131,325850,37030,975,42547,16502,1041,21088,123574,1131,167065,29243,1404,47570,13405,132,23160,7541,366,16180,2888,31,5940,688,51,2300,20218,498,19720,934,129,805
Piemonte,2008,13152,332,19229,2255,63,2574,1265,76,1571,6330,65,9120,1698,81,2803,918,12,1681,382,31,803,273,4,533,31,0,144,1564,26,1538,58,12,46
Valle d'Aosta,2008,301,10,403,48,2,51,42,3,55,125,1,162,56,1,84,14,0,20,15,3,26,1,0,5,0,0,0,34,1,33,4,2,2
Lombardia,2008,41827,680,56953,8282,138,9326,2101,98,2654,23038,173,30650,4153,189,6319,2460,23,4266,1207,51,2261,455,3,1039,131,5,438,4168,86,4082,117,15,102
Trentino Alto Adige,2008,3053,73,4027,485,17,517,394,19,490,1225,5,1501,598,18,884,170,4,247,134,10,266,28,0,64,19,0,58,326,10,316,23,0,23
Veneto,2008,16744,458,22970,2554,106,2884,1334,77,1660,8421,90,10904,2747,134,4232,914,10,1649,575,29,1149,150,3,345,49,9,147,1203,39,1164,91,10,81
Friuli Venezia Giulia,2008,4771,110,6459,842,24,932,434,19,503,2413,20,3219,688,37,1068,258,1,428,100,8,218,29,0,65,7,1,26,420,7,413,16,6,10
Liguria,2008,9428,87,12058,2531,31,2901,530,12,668,4919,16,6103,632,21,933,485,2,782,232,5,451,82,0,162,17,0,58,1372,20,1352,25,2,23
Emilia Romagna,2008,21744,529,29746,3056,82,3487,1584,121,1984,11774,131,15160,3101,126,4804,1253,14,2227,737,44,1512,182,1,380,57,10,192,1607,57,1550,88,13,75
Italia Settentrionale,2008,111020,2279,151845,20053,463,22672,7684,425,9585,58245,501,76819,13673,607,21127,6472,66,11300,3382,181,6686,1200,11,2593,311,25,1063,10694,246,10448,422,60,362
Toscana,2008,18803,296,24902,3110,72,3494,1121,59,1406,10949,72,13820,2011,61,3145,977,11,1641,485,18,970,118,1,280,32,2,146,1908,38,1870,84,17,67
Umbria,2008,3312,82,4694,542,13,610,398,19,487,1481,17,2012,558,24,917,171,2,307,119,5,247,31,0,74,12,2,40,300,5,295,23,3,20
Marche,2008,6919,132,9996,1017,29,1145,632,29,802,3461,26,4744,1123,32,1874,407,2,795,212,14,474,53,0,118,14,0,44,560,14,546,45,7,38
Lazio,2008,27735,493,38827,4786,100,5576,1504,107,1880,15188,99,20497,3291,128,5269,1637,11,2767,912,30,1883,338,15,664,79,3,291,2786,67,2719,141,21,120
Italia Centrale,2008,56769,1003,78419,9455,214,10825,3655,214,4575,31079,214,41073,6983,245,11205,3192,26,5510,1728,67,3574,540,16,1136,137,7,521,5554,124,5430,293,48,245
Abruzzo,2008,3981,96,6043,502,20,579,382,21,529,1906,18,2727,729,23,1261,283,1,530,145,12,324,27,1,58,7,0,35,298,11,287,17,3,14
Molise,2008,577,27,925,69,3,79,85,9,99,211,2,303,157,11,309,23,0,37,26,2,74,5,0,18,1,0,6,32,2,30,7,3,4
Campania,2008,11529,329,17380,2082,84,2483,884,72,1135,5768,69,8681,1690,67,2927,641,7,1113,408,28,868,35,0,82,21,2,91,1079,41,1038,59,15,44
Puglia,2008,12024,353,20259,1417,36,1757,989,91,1430,6780,46,10972,1719,153,3437,659,2,1347,330,18,895,89,3,216,41,4,205,875,18,857,41,10,31
Basilicata,2008,954,35,1622,131,4,161,154,11,217,365,2,566,216,13,437,44,0,99,37,5,94,3,0,15,4,0,33,81,3,78,6,0,6
Calabria,2008,3354,120,5650,441,11,556,370,35,495,1487,14,2323,616,47,1204,219,2,480,179,11,485,24,0,37,18,0,70,222,5,217,23,5,18
Sicilia,2008,14347,364,21868,2118,74,2619,916,58,1303,8492,99,12359,1525,96,2853,818,15,1484,337,16,839,111,4,283,30,2,128,1103,30,1073,28,6,22
Sardegna,2008,4408,125,6728,657,26,742,433,22,617,2119,21,3066,683,45,1227,289,0,541,169,10,372,37,1,84,21,0,79,442,15,427,12,3,9
Italia Meridionale e Insulare,2008,51174,1449,80475,7417,258,8976,4213,319,5825,27128,271,40997,7335,455,13655,2976,27,5631,1631,102,3951,331,9,793,143,8,647,4132,125,4007,193,45,148
Totale 2008,2008,218963,4731,310739,36925,935,42473,15552,958,19985,116452,986,158889,27991,1307,45987,12640,119,22441,6741,350,14211,2071,36,4522,591,40,2231,20380,495,19885,908,153,755
Piemonte,2009,13742,317,19985,2403,72,2750,1357,66,1712,6603,50,9489,2054,97,3294,688,7,1269,396,20,843,174,2,422,67,3,206,1577,46,1531,77,9,68
Valle d'Aosta,2009,359,8,502,60,2,71,44,3,53,151,0,209,76,3,112,14,0,25,14,0,32,0,0,0,0,0,0,35,1,34,4,1,3
Lombardia,2009,40100,603,54597,8381,161,9411,2199,101,2743,21549,133,28545,3891,138,5990,2228,19,3916,1116,40,2305,601,7,1298,135,4,389,3903,88,3815,124,11,113
Trentino Alto Adige,2009,2715,60,3694,409,15,451,317,17,381,1155,7,1471,510,14,784,152,1,239,122,6,257,34,0,77,16,0,34,288,10,278,32,2,30
Veneto,2009,15643,339,21683,2273,69,2557,1278,81,1586,8056,79,10692,2553,80,3929,836,13,1496,487,17,1019,99,0,233,61,0,171,1063,32,1031,105,11,94
Friuli Venezia Giulia,2009,4494,117,6016,761,29,841,501,33,598,2220,22,2828,605,25,1013,235,1,411,118,6,227,41,0,67,13,1,31,368,14,354,21,4,17
Liguria,2009,9654,76,12393,2611,19,3019,542,19,678,5020,22,6251,699,9,1031,472,1,735,230,3,475,70,0,149,10,3,55,1406,12,1394,22,1,21
Emilia Romagna,2009,20411,422,28035,3031,82,3470,1626,97,2029,10810,79,14127,2913,115,4480,1118,9,1939,688,33,1432,153,2,329,72,5,229,1616,51,1565,90,16,74
Italia Settentrionale,2009,107118,1942,146905,19929,449,22570,7864,417,9780,55564,392,73612,13301,481,20633,5743,51,10030,3171,125,6590,1172,11,2575,374,16,1115,10256,254,10002,475,55,420
Toscana,2009,18362,279,24345,3087,65,3475,1048,55,1322,10611,74,13468,2037,62,3139,875,8,1451,532,14,1069,134,0,282,38,1,139,1911,39,1872,85,8,77
Umbria,2009,3074,75,4475,495,12,552,364,16,473,1323,15,1794,556,27,960,165,1,314,131,4,277,30,0,68,10,0,37,288,6,282,19,2,17
Marche,2009,6617,117,9624,962,21,1088,623,28,866,3319,22,4578,1061,32,1817,387,6,677,204,7,423,41,0,99,20,1,76,527,15,512,45,7,38
Lazio,2009,28186,494,39624,5113,123,5955,1636,102,2104,15010,107,20242,3334,118,5494,1616,14,2674,1052,29,2169,346,1,746,79,0,240,2805,83,2722,96,23,73
Italia Centrale,2009,56239,965,78068,9657,221,11070,3671,201,4765,30263,218,40082,6988,239,11410,3043,29,5116,1919,54,3938,551,1,1195,147,2,492,5531,143,5388,245,40,205
Abruzzo,2009,3853,93,5989,495,24,561,399,25,525,1785,12,2665,763,22,1377,217,3,396,171,7,390,13,0,34,10,0,41,279,13,266,26,3,23
Molise,2009,530,21,838,82,2,92,82,10,94,188,0,308,143,9,262,17,0,33,16,0,39,1,0,2,1,0,8,52,1,51,3,2,1
Campania,2009,11745,288,17813,2161,67,2602,918,59,1181,5874,74,8869,1688,64,3017,632,4,1132,413,18,830,31,0,84,28,2,98,1160,34,1126,64,6,58
Puglia,2009,12812,301,21356,1524,32,1846,1185,91,1620,6955,38,11344,1921,107,3735,726,5,1437,334,23,876,119,1,286,48,4,212,889,17,872,36,6,30
Basilicata,2009,942,46,1627,123,7,156,157,10,221,361,6,567,196,17,403,50,0,103,44,6,121,3,0,8,8,0,48,63,5,58,3,2,1
Calabria,2009,3457,135,5896,467,28,558,394,30,543,1453,23,2354,687,37,1382,244,3,511,171,10,436,27,2,43,14,2,69,217,14,203,22,6,16
Sicilia,2009,14044,325,21742,1968,75,2396,1014,67,1339,8141,69,12181,1653,89,3115,801,5,1470,353,16,890,87,2,209,27,2,142,1071,38,1033,38,9,29
Sardegna,2009,4665,121,7024,782,24,904,508,33,653,2145,13,3152,732,42,1256,276,1,491,161,8,397,46,0,122,15,0,49,536,16,520,27,3,24
Italia Meridionale e Insulare,2009,52048,1330,82285,7602,259,9115,4657,325,6176,26902,235,41440,7783,387,14547,2963,21,5573,1663,88,3979,327,5,788,151,10,667,4267,138,4129,219,37,182
Totale 2009,2009,215405,4237,307258,37188,929,42755,16192,943,20721,112729,845,155134,28072,1107,46590,11749,101,20719,6753,267,14507,2050,17,4558,672,28,2274,20054,535,19519,939,132,807
Piemonte,2010,13580,327,19965,2574,72,2887,1365,75,1748,6292,58,9255,1947,91,3205,720,3,1372,382,21,839,249,4,530,51,3,129,1650,39,1611,67,15,52
Valle d'Aosta,2010,370,11,498,87,4,95,49,2,59,138,3,177,64,2,110,17,0,28,14,0,28,1,0,1,0,0,0,43,1,42,0,0,0
Lombardia,2010,39322,565,53806,8514,155,9573,2195,105,2738,20701,121,27594,3958,121,6245,2213,15,3884,1114,42,2301,504,2,1074,123,4,397,4148,78,4070,117,19,98
Trentino Alto Adige,2010,2620,59,3578,394,8,433,317,15,382,1064,11,1353,527,20,823,139,2,230,141,3,262,26,0,46,12,0,49,274,7,267,27,3,24
Veneto,2010,15651,396,21860,2481,81,2773,1233,82,1537,7790,75,10296,2545,113,3971,850,9,1545,551,29,1205,130,0,299,71,7,234,1181,35,1146,71,11,60
Friuli Venezia Giulia,2010,3933,103,5137,737,19,791,399,19,456,1847,21,2330,582,29,905,232,1,372,82,11,153,40,0,91,14,3,39,392,8,384,18,3,15
Liguria,2010,9702,84,12360,2793,28,3210,559,12,695,4853,19,6031,691,19,1029,434,1,659,247,3,485,105,2,188,20,0,63,1486,14,1472,33,0,33
Emilia Romagna,2010,20153,401,28001,3076,91,3463,1611,71,2048,10477,75,13850,2931,122,4623,1067,10,1879,678,24,1413,220,4,461,93,4,264,1649,53,1596,96,13,83
Italia Settentrionale,2010,105331,1946,145205,20656,458,23225,7728,381,9663,53162,383,70886,13245,517,20911,5672,41,9969,3209,133,6686,1275,12,2690,384,21,1175,10823,235,10588,429,64,365
Toscana,2010,18865,306,25284,3301,85,3743,1234,66,1564,10407,60,13369,2055,71,3233,1052,9,1706,549,13,1098,219,1,432,48,1,139,2084,55,2029,95,9,86
Umbria,2010,2913,79,4074,502,19,541,361,20,457,1264,15,1695,505,17,826,133,0,239,105,7,205,33,0,76,10,1,35,284,9,275,16,3,13
Marche,2010,6728,109,9874,1128,27,1285,654,27,806,3219,19,4584,1033,28,1780,412,1,749,215,4,476,45,0,103,22,3,91,671,17,654,40,5,35
Lazio,2010,27810,450,38932,5104,111,5843,1548,84,1919,14666,86,19770,3223,110,5308,1677,13,2753,1009,36,2176,499,6,897,84,4,266,2941,64,2877,97,12,85
Italia Centrale,2010,56316,944,78164,10035,242,11412,3797,197,4746,29556,180,39418,6816,226,11147,3274,23,5447,1878,60,3955,796,7,1508,164,9,531,5980,145,5835,248,29,219
Abruzzo,2010,4099,79,6377,502,18,564,407,11,576,2008,16,2927,725,22,1322,243,2,487,161,8,368,38,0,85,15,2,48,293,9,284,22,1,21
Molise,2010,657,28,1056,101,4,116,90,6,124,211,4,317,202,9,377,20,0,41,26,5,63,3,0,8,4,0,10,60,2,58,5,2,3
Campania,2010,11129,254,17050,2130,54,2615,845,54,1094,5550,43,8406,1547,83,2678,614,4,1133,371,13,856,47,0,113,25,3,155,1073,26,1047,45,5,40
Puglia,2010,12479,292,20926,1406,26,1699,1214,90,1703,6345,37,10306,2065,102,4001,833,7,1576,385,28,1018,177,0,403,54,2,220,942,10,932,50,16,34
Basilicata,2010,1147,48,2015,196,3,243,235,19,352,388,1,679,245,23,527,36,0,83,40,2,110,3,0,6,4,0,15,108,2,106,7,3,4
Calabria,2010,3378,138,5645,457,26,515,414,36,579,1345,16,2138,732,46,1423,178,1,378,214,13,515,25,0,52,13,0,45,227,10,217,21,4,17
Sicilia,2010,14255,279,22004,2236,77,2690,915,41,1284,8271,63,12330,1559,73,3043,814,6,1521,323,15,740,107,2,261,30,2,135,1366,44,1322,31,3,28
Sardegna,2010,4206,106,6278,753,14,876,494,31,650,1847,10,2656,648,40,1152,259,2,448,136,8,304,47,0,105,22,1,87,483,8,475,17,3,14
Italia Meridionale e Insulare,2010,51350,1224,81351,7781,222,9318,4614,288,6362,25965,190,39759,7723,398,14523,2997,22,5667,1656,92,3974,447,2,1033,167,10,715,4552,111,4441,198,37,161
Totale 2010,2010,212997,4114,304720,38472,922,43955,16139,866,20771,108683,753,150063,27784,1141,46581,11943,86,21083,6743,285,14615,2518,21,5231,715,40,2421,21355,491,20864,875,130,745
Piemonte,2011,13254,320,19332,2454,78,2780,1280,85,1641,6257,48,8977,1892,80,3100,660,6,1262,336,16,710,263,5,577,112,2,285,1646,53,1593,58,8,50
Valle d'Aosta,2011,299,9,398,48,2,55,42,3,50,121,1,168,56,3,75,18,0,28,10,0,17,1,0,1,3,0,4,37,1,36,4,0,4
Lombardia,2011,37130,532,50838,7814,127,8845,1896,72,2415,20072,119,26774,3670,144,5733,1962,19,3489,856,26,1690,559,3,1134,301,22,758,3903,68,3835,100,9,91
Trentino Alto Adige,2011,2991,58,3925,472,10,518,367,17,430,1288,5,1581,517,17,759,147,1,232,129,7,231,24,1,60,47,0,114,349,9,340,35,1,34
Veneto,2011,15564,369,21517,2451,84,2743,1195,95,1447,7904,80,10338,2482,71,3871,755,10,1379,458,18,932,168,5,401,151,6,406,1164,41,1123,93,13,80
Friuli Venezia Giulia,2011,3604,84,4697,686,27,735,350,16,435,1790,12,2243,474,20,740,172,1,264,67,2,130,46,0,97,19,6,53,388,10,378,12,1,11
Liguria,2011,9292,80,11785,2679,29,3093,509,13,634,4725,18,5813,644,14,973,404,0,652,130,3,230,118,2,206,83,1,184,1378,18,1360,28,4,24
Emilia Romagna,2011,20415,400,27989,3046,69,3472,1648,86,1992,10828,87,13999,2899,111,4589,1012,9,1749,540,25,1117,213,3,485,229,10,586,1609,32,1577,109,17,92
Italia Settentrionale,2011,102549,1852,140481,19650,426,22241,7287,387,9044,52985,370,69893,12634,460,19840,5130,46,9055,2526,97,5057,1392,19,2961,945,47,2390,10474,232,10242,439,53,386
Toscana,2011,18672,265,24876,3112,60,3526,1182,52,1461,10290,65,13032,2274,67,3452,994,7,1605,401,11,807,247,1,509,172,2,484,1958,40,1918,87,7,80
Umbria,2011,2856,61,4079,523,11,611,331,17,411,1224,15,1682,507,14,834,142,0,251,82,4,162,25,0,65,22,0,63,335,4,331,23,1,22
Marche,2011,6535,129,9465,1105,30,1251,623,32,808,3182,19,4489,970,38,1557,361,2,679,150,3,327,81,0,183,63,5,171,662,21,641,49,4,45
Lazio,2011,26892,425,37509,4893,120,5630,1352,70,1743,14331,84,19223,3146,95,5082,1564,18,2538,754,20,1500,605,7,1152,247,11,641,2902,65,2837,117,11,106
Italia Centrale,2011,54955,880,75929,9633,221,11018,3488,171,4423,29027,183,38426,6897,214,10925,3061,27,5073,1387,38,2796,958,8,1909,504,18,1359,5857,130,5727,276,23,253
Abruzzo,2011,4058,83,6221,565,22,693,379,23,515,2074,11,2980,643,17,1147,212,1,445,116,4,240,23,0,59,46,5,142,349,11,338,23,1,22
Molise,2011,639,19,1008,91,1,110,122,6,149,212,2,332,160,6,306,28,0,50,23,4,55,1,0,3,2,0,3,55,1,54,4,0,4
Campania,2011,10225,243,15294,1986,65,2402,700,40,947,5206,61,7752,1355,55,2277,574,8,1013,266,11,566,41,1,97,97,2,240,1078,32,1046,42,9,33
Puglia,2011,12101,271,20263,1489,35,1795,1178,84,1652,6258,38,10194,1906,86,3783,700,4,1339,297,17,807,185,1,371,88,6,322,993,23,970,45,9,36
Basilicata,2011,1054,37,1780,189,4,230,198,13,287,376,2,641,208,14,416,41,0,87,32,3,87,2,1,2,8,0,30,111,1,110,5,2,3
Calabria,2011,2989,104,5116,421,17,520,342,29,459,1204,8,1939,633,40,1288,151,0,298,148,10,373,26,0,60,64,0,179,205,7,198,25,5,20
Sicilia,2011,13283,271,20129,2236,76,2717,956,56,1257,7569,46,11127,1423,69,2676,654,6,1200,246,14,588,105,1,247,94,3,317,1210,34,1176,35,5,30
Sardegna,2011,3785,100,5798,630,26,711,466,27,604,1666,7,2435,588,37,1058,213,0,440,122,3,312,59,0,136,41,0,102,445,10,435,21,1,20
Italia Meridionale e Insulare,2011,48134,1128,75609,7607,246,9178,4341,278,5870,24565,175,37400,6916,324,12951,2573,19,4872,1250,66,3028,442,4,975,440,16,1335,4446,119,4327,200,32,168
Totale 2011,2011,205638,3860,292019,36890,893,42437,15116,836,19337,106577,728,145719,26447,998,43716,10764,92,19000,5163,201,10881,2792,31,5845,1889,81,5084,20777,481,20296,915,108,807
Piemonte,2012,12175,286,17587,2317,56,2608,1159,61,1467,5701,50,8125,1782,95,3003,606,3,1081,287,13,619,244,2,490,79,6,194,1540,35,1505,89,6,83
Valle d'Aosta,2012,295,11,402,53,1,61,46,6,57,100,0,140,61,3,88,21,0,35,9,0,13,2,1,2,3,0,6,39,0,39,3,0,3
Lombardia,2012,35612,549,49080,7711,125,8712,1954,84,2465,18821,118,25278,3707,154,5836,1846,16,3308,792,36,1629,452,3,991,329,13,861,3937,64,3873,155,15,140
Trentino Alto Adige,2012,3264,73,4314,561,12,620,449,25,555,1304,6,1624,641,25,964,127,1,195,118,3,228,30,0,74,34,1,54,380,7,373,40,4,36
Veneto,2012,14365,376,19994,2233,77,2545,1190,81,1479,7265,68,9606,2372,110,3676,681,13,1280,393,17,842,113,0,258,118,10,308,1065,33,1032,97,9,88
Friuli Venezia Giulia,2012,3540,85,4679,753,20,842,366,20,451,1676,14,2162,511,21,804,129,2,202,61,1,116,28,1,45,16,6,57,413,5,408,15,4,11
Liguria,2012,8769,88,11260,2525,41,2947,522,14,693,4433,15,5551,630,11,915,411,2,635,112,1,221,80,1,144,56,3,154,1343,19,1324,34,3,31
Emilia Romagna,2012,18321,380,24906,2995,84,3389,1483,77,1868,9323,75,11933,2824,101,4406,846,9,1465,501,21,1072,182,1,345,167,12,428,1627,44,1583,95,11,84
Italia Settentrionale,2012,96341,1848,132222,19148,416,21724,7169,368,9035,48623,346,64419,12528,520,19692,4667,46,8201,2273,92,4740,1131,9,2349,802,51,2062,10344,207,10137,528,52,476
Toscana,2012,17077,253,23034,3028,77,3472,1106,46,1388,9436,56,12170,1909,56,3035,848,4,1440,347,7,714,273,3,492,130,4,323,1889,52,1837,109,10,99
Umbria,2012,2363,50,3412,477,9,539,265,15,328,1014,7,1402,361,13,620,112,0,229,77,6,152,26,0,64,31,0,78,282,6,276,18,0,18
Marche,2012,5482,99,8002,1018,23,1153,534,26,745,2600,14,3711,850,25,1411,262,3,455,123,4,260,49,0,122,46,4,145,619,10,609,49,6,43
Lazio,2012,23745,385,33031,4632,107,5350,1437,96,1789,12144,54,16227,2919,91,4788,1214,9,2061,651,15,1280,510,6,966,238,7,570,2830,73,2757,147,18,129
Italia Centrale,2012,48667,787,67479,9155,216,10514,3342,183,4250,25194,131,33510,6039,185,9854,2436,16,4185,1198,32,2406,858,9,1644,445,15,1116,5620,141,5479,323,34,289
Abruzzo,2012,3671,92,5524,536,23,617,392,23,486,1793,16,2670,611,24,1030,184,4,371,87,2,203,25,0,53,43,0,94,333,11,322,29,2,27
Molise,2012,581,19,956,95,2,113,93,3,128,201,1,308,144,11,286,14,0,21,23,1,72,4,0,9,7,1,19,51,1,50,5,2,3
Campania,2012,9698,242,14802,1959,66,2400,703,43,907,4826,52,7377,1373,60,2459,455,4,786,242,9,531,67,1,162,73,7,180,1096,24,1072,64,5,59
Puglia,2012,10287,267,16569,1330,31,1582,1034,87,1389,5281,28,8284,1661,90,3229,505,3,877,249,17,629,146,4,305,81,7,274,983,17,966,38,7,31
Basilicata,2012,949,51,1634,171,4,198,165,22,224,341,4,620,201,19,417,36,0,70,24,2,62,2,0,2,9,0,41,99,4,95,8,1,7
Calabria,2012,2772,123,4697,426,24,490,349,21,482,1119,14,1873,585,48,1144,123,3,242,106,12,282,25,0,60,39,1,124,281,11,270,24,5,19
Sicilia,2012,11790,229,17718,2041,55,2408,829,56,1127,6796,46,9920,1228,52,2390,558,4,999,203,8,511,67,3,137,68,5,226,1118,34,1084,45,8,37
Sardegna,2012,3472,95,5263,658,12,747,468,36,626,1427,8,2094,559,34,1012,180,0,344,108,3,270,43,1,103,29,1,67,465,3,462,21,7,14
Italia Meridionale e Insulare,2012,43220,1118,67163,7216,217,8555,4033,291,5369,21784,169,33146,6362,338,11967,2055,18,3710,1042,54,2560,379,9,831,349,22,1025,4426,105,4321,234,37,197
Totale 2012,2012,188228,3753,266864,35519,849,40793,14544,842,18654,95601,646,131075,24929,1043,41513,9158,80,16096,4513,178,9706,2368,27,4824,1596,88,4203,20390,453,19937,1085,123,962
Piemonte,2013,11258,259,16370,2345,70,2627,1080,54,1347,5183,39,7572,1514,69,2525,563,2,1100,252,13,485,222,2,459,99,10,255,1572,34,1538,62,5,57
Valle d'Aosta,2013,315,7,448,69,0,81,42,2,56,105,2,147,65,2,107,22,0,38,8,1,11,2,0,4,2,0,4,53,0,53,12,0,12
Lombardia,2013,33590,422,46335,7527,102,8498,1886,91,2404,17353,72,23317,3502,104,5512,1738,11,3162,819,30,1650,466,3,1049,299,9,743,3884,55,3829,165,16,149
Trentino Alto Adige,2013,3169,59,4180,595,9,655,434,17,525,1168,4,1442,639,17,950,142,2,209,116,4,243,29,0,63,46,6,93,350,5,345,60,2,58
Veneto,2013,13792,299,18979,2357,66,2621,1177,82,1376,6681,46,8778,2264,76,3501,648,7,1154,385,14,804,140,0,349,140,8,396,1164,31,1133,112,12,100
Friuli Venezia Giulia,2013,3304,83,4590,695,25,770,327,17,405,1512,14,2050,479,19,756,154,2,276,82,3,182,29,0,64,26,3,87,380,15,365,20,5,15
Liguria,2013,8772,85,11074,2662,31,3005,537,20,709,4254,14,5247,632,15,955,404,4,621,128,0,237,94,0,166,61,1,134,1363,19,1344,33,3,30
Emilia Romagna,2013,18135,344,24914,3041,71,3416,1555,98,1897,8994,58,11757,2764,95,4447,912,5,1562,526,12,1068,169,1,344,174,4,423,1576,32,1544,110,22,88
Italia Settentrionale,2013,92335,1558,126890,19291,374,21673,7038,381,8719,45250,249,60310,11859,397,18753,4583,33,8122,2316,77,4680,1151,6,2498,847,41,2135,10342,191,10151,574,65,509
Toscana,2013,16231,224,21663,2979,58,3346,1153,42,1454,8611,57,10923,1865,42,2981,878,8,1444,360,9,746,274,4,483,111,4,286,1984,42,1942,112,11,101
Umbria,2013,2402,61,3447,487,14,555,299,13,387,973,10,1357,431,20,716,93,0,170,80,3,162,20,0,50,19,1,50,267,8,259,18,1,17
Marche,2013,5549,86,7961,1115,22,1245,534,20,646,2570,12,3631,842,21,1424,275,2,503,123,7,270,48,2,124,42,0,118,675,12,663,35,1,34
Lazio,2013,22167,366,30781,4566,107,5221,1361,77,1694,11017,55,14888,2685,93,4363,1222,9,2001,607,12,1199,477,4,822,232,9,593,2877,57,2820,142,13,129
Italia Centrale,2013,46349,737,63852,9147,201,10367,3347,152,4181,23171,134,30799,5823,176,9484,2468,19,4118,1170,31,2377,819,10,1479,404,14,1047,5803,119,5684,307,26,281
Abruzzo,2013,3603,70,5464,564,23,648,379,16,520,1716,12,2536,617,17,1065,166,2,311,91,0,214,36,0,84,34,0,86,333,12,321,24,5,19
Molise,2013,507,26,800,98,3,116,90,8,114,176,0,272,104,9,203,10,0,23,24,6,63,3,0,6,2,0,3,52,1,51,5,1,4
Campania,2013,9100,273,13848,1908,54,2280,705,61,891,4268,48,6581,1383,55,2383,449,2,795,237,9,542,60,1,126,90,43,250,1073,28,1045,58,15,43
Puglia,2013,10190,224,17123,1435,31,1707,1039,70,1464,5332,30,8839,1582,72,3251,408,1,842,206,17,559,123,1,272,65,2,189,1023,12,1011,51,13,38
Basilicata,2013,888,22,1477,166,2,197,210,5,300,254,1,403,200,12,431,23,0,49,23,0,63,5,0,14,7,2,20,111,1,110,13,0,13
Calabria,2013,2773,98,4721,435,25,524,383,23,534,990,13,1648,659,32,1299,108,0,208,120,2,296,22,0,53,56,3,159,229,10,219,33,3,30
Sicilia,2013,11821,254,17724,2142,55,2488,899,62,1224,6606,42,9622,1266,65,2455,568,3,1076,199,24,485,84,3,187,57,0,187,1172,26,1146,40,9,31
Sardegna,2013,3661,123,5522,690,24,773,511,32,661,1494,18,2195,613,43,1145,171,1,330,97,5,220,48,0,112,37,0,86,517,10,507,23,2,21
Italia Meridionale e Insulare,2013,42543,1090,66679,7438,217,8733,4216,277,5708,20836,164,32096,6424,305,12232,1903,9,3634,997,63,2442,381,5,854,348,50,980,4510,100,4410,247,48,199
Totale 2013,2013,181227,3385,257421,35876,792,40773,14601,810,18608,89257,547,123205,24106,878,40469,8954,61,15874,4483,171,9499,2351,21,4831,1599,105,4162,20655,410,20245,1128,139,989
